WAVY_001:media:5,0:127.0.0.1
WAVY_001:media:1,0:127.0.0.1
WAVY_001:media:4,8:127.0.0.1
WAVY_001:media:4,4:127.0.0.1
WAVY_001:media:2,4:127.0.0.1
WAVY_001:media:4,2:127.0.0.1
WAVY_001:media:1,0:127.0.0.1
WAVY_001:media:0,4:127.0.0.1
WAVY_001:media:4,9:127.0.0.1
WAVY_001:media:0,7:127.0.0.1
WAVY_001:media:4,1:127.0.0.1
WAVY_001:media:2,4:127.0.0.1
WAVY_001:media:3,1:127.0.0.1
WAVY_001:media:3,2:127.0.0.1
WAVY_001:media:2,1:127.0.0.1
WAVY_001:media:2,0:127.0.0.1
WAVY_001:media:4,2:127.0.0.1
WAVY_001:media:2,5:127.0.0.1
WAVY_001:media:3,0:127.0.0.1
WAVY_001:media:2,8:127.0.0.1
WAVY_001:media:2,4:127.0.0.1
WAVY_001:media:2,9:127.0.0.1
WAVY_001:media:1,6:127.0.0.1
WAVY_001:media:4,2:127.0.0.1
WAVY_001:media:4,8:127.0.0.1
WAVY_001:media:4,3:127.0.0.1
WAVY_001:media:0,7:127.0.0.1
WAVY_001:media:0,6:127.0.0.1
WAVY_001:media:4,3:127.0.0.1
WAVY_001:media:0,9:127.0.0.1
WAVY_001:media:0,6:127.0.0.1
WAVY_001:media:3,7:127.0.0.1
WAVY_001:media:4,6:127.0.0.1
WAVY_001:media:0,7:127.0.0.1
WAVY_001:media:0,5:127.0.0.1
WAVY_001:media:1,2:127.0.0.1
WAVY_001:media:3,8:127.0.0.1
WAVY_001:media:1,0:127.0.0.1
WAVY_001:media:1,4:127.0.0.1
WAVY_001:media:2,0:127.0.0.1
WAVY_001:media:4,2:127.0.0.1
WAVY_001:media:4,5:127.0.0.1
WAVY_001:media:1,9:127.0.0.1
WAVY_001:media:0,7:127.0.0.1
WAVY_001:media:3,1:127.0.0.1
WAVY_001:media:3,4:127.0.0.1
WAVY_001:media:0,6:127.0.0.1
WAVY_001:media:4,0:127.0.0.1
WAVY_001:media:2,2:127.0.0.1
WAVY_001:media:4,1:127.0.0.1
WAVY_001:media:4,3:127.0.0.1
WAVY_001:media:3,9:127.0.0.1
WAVY_001:media:2,5:127.0.0.1
WAVY_001:media:0,9:127.0.0.1
WAVY_001:media:2,1:127.0.0.1
WAVY_001:media:2,8:127.0.0.1
WAVY_001:media:1,6:127.0.0.1
WAVY_001:media:0,1:127.0.0.1
WAVY_001:media:5,0:127.0.0.1
WAVY_001:media:2,7:127.0.0.1
WAVY_001:media:2,5:127.0.0.1
